cod_uf,cod_munic,munic,agr10,agr11,agr12,agr13,ind10,ind11,ind12,ind13,ser1_10,ser1_11,ser1_12,ser1_13,apu10,apu11,apu12,apu13,vab10,vab11,vab12,vab13,imp10,imp11,imp12,imp13,pib10,pib11,pib12,pib13,pop10,pop11,pop12,pop13,pcap10,pcap11,pcap12,pcap13
33,3300100,Angra dos Reis,13805.272,21693.673,24129.256,32889.829,1665387.828,2201377.307,1776222.75,1521960.87,2176368.001,2321195.325,2742922.245,2634096.543,923850.618,1034248.731,1123238.631,1280737.005,4779411.718,5578515.036,5666512.882,5469684.246,899228.364,950150.181,474442.767,646317.758,5678640.082,6528665.217,6140955.648,6116002.005,169270,173370,177101,181486,33547.82,37657.41,34674.88,33699.58
33,3300159,Aperib‚,3934.511,6208.903,6431.201,6078.694,8398.76,13062.836,14594.685,14813.951,28844.856,30575.006,33030.769,41725.165,49331.232,52711.418,56235.551,65077.809,90509.359,102558.163,110292.207,127695.618,4353.063,5387.092,4943.099,8044.155,94862.422,107945.255,115235.306,135739.773,10215,10382,10545,10736,9286.58,10397.35,10927.96,12643.42
33,3300209,Araruama,17126.188,19708.323,22485.021,26091.815,265303.861,306470.129,214434.408,321255.009,538779.825,596203.374,864570.338,909694.821,468353.811,528159.061,565493.367,653818.532,1289563.685,1450540.887,1666983.134,1910860.177,102714.72,109621.986,163416.539,157365.424,1392278.405,1560162.873,1830399.673,2068225.602,112028,114250,116418,118964,12427.95,13655.69,15722.65,17385.31
33,3300225,Areal,1159.224,1203.728,1536.234,2402.892,56059.009,49565.265,43322.357,37487.751,154820.196,197075.484,206592.811,88049.371,56937.355,65734.903,69179.611,80240.559,268975.783,313579.38,320631.012,208180.573,31522.445,34528.7,35936.472,35002.97,300498.228,348108.079,356567.484,243183.543,11421,11540,11654,11785,26311.03,30165.34,30596.15,20635.01
33,3300233,Arma‡Æo dos B£zios,3000.591,4547.604,5363.339,7058.528,967555.869,1343422.619,1958154.809,1885435.626,678162.891,833832.509,1028999.856,1197218.06,175554.792,203673.598,223921.483,264318.038,1824274.143,2385476.331,3216439.488,3354030.252,48837.043,60388.9,72586.906,85049.922,1873111.187,2445865.231,3289026.394,3439080.174,27538,28279,28973,29790,68019.14,86490.51,113520.39,115444.11
33,3300258,Arraial do Cabo,4684.579,7378.709,8610.886,11776.59,70905.74,141001.742,749571.992,533650.798,152316.667,191246.354,378289.15,350531.906,135088.639,153040.522,164636.855,190355.895,362995.625,492667.326,1301108.882,1086315.19,39160.215,42570.683,59224.486,39288.57,402155.84,535238.009,1360333.368,1125603.76,27770,28010,28295,28627,14481.67,19108.82,48076.81,39319.65
33,3300308,Barra do Pira¡,27189.655,30291.847,14232.15,13839.309,355368.597,301427.878,357781.291,325965.86,588580.409,595544.407,694524.384,701331.829,376582.216,419688.117,447394.359,504208.507,1347720.876,1346952.25,1513932.183,1545345.505,131982.947,131582.477,150058.464,159337.602,1479703.823,1478534.726,1663990.647,1704683.106,94855,95260,95726,96261,15599.64,15521.04,17382.85,17708.97
33,3300407,Barra Mansa,27448.559,39749.615,43029.629,44567.034,940086.47,934963.234,1095784.259,1513268.464,1346470.18,1397555.644,1599591.598,1942562.142,744651.899,810632.268,852228.078,926206.492,3058657.107,3182900.762,3590633.563,4426604.132,413610.662,412779.084,471866.878,599483.714,3472267.77,3595679.846,4062500.441,5026087.845,177861,178355,178880,179472,19522.37,20160.24,22710.76,28004.86
33,3300456,Belford Roxo,1166.008,1636.355,1684.177,2008.208,915900.521,985120.8,976272.302,1125248.216,1264631.343,1598693.059,1511492.809,2088759.885,1842434.181,2022152.944,2124447.68,2467668.442,4024132.053,4607603.158,4613896.968,5683684.75,435185.741,503276.601,654587.243,643264.64,4459317.793,5110879.759,5268484.21,6326949.39,469261,472008,474596,477583,9502.85,10827.95,11100.99,13247.85
33,3300506,Bom Jardim,33557.862,47212.411,46563.571,43004.47,110917.544,115611.662,145631.832,146821.354,114316.834,124767.541,148645.596,177945.32,105472.081,122343.645,131745.544,152116.265,364264.321,409935.259,472586.543,519887.409,43372.465,53111.785,51612.941,67629.146,407636.786,463047.044,524199.483,587516.554,25398,25539,25738,25969,16049.96,18130.98,20366.75,22623.77
33,3300605,Bom Jesus do Itabapoana,21922.835,26874.982,30573.671,34949.217,44533.062,47724.066,53336.813,59424.096,180476.659,191955.725,213240.892,237021.46,154606.307,166539.486,179131.157,202161.948,401538.864,433094.258,476282.532,533556.721,25146.198,32532.889,35282.746,50741.81,426685.062,465627.147,511565.278,584298.531,35384,35546,35677,35825,12058.7,13099.28,14338.8,16309.8
33,3300704,Cabo Frio,15580.074,20237.054,23436.014,27871.805,5291197.149,7561848.007,10561467.03,10095491.93,2866255.737,3701462.488,4668900.619,5003029.953,912132.474,1056906.59,1166612.693,1386889.071,9085165.434,12340454.14,16420416.36,16513282.75,232436.673,287436.506,347733.757,363858.418,9317602.107,12627890.65,16768150.12,16877141.17,186222,190787,195197,200380,50034.92,66188.42,85903.73,84225.68
33,3300803,Cachoeiras de Macacu,17296.541,24077.539,25575.913,28613.117,164165.401,168949.555,203638.402,202511.007,322080.344,313184.993,349234.484,280787.267,244739.195,272039.981,297636.564,340802.177,748281.481,778252.069,876085.362,852713.569,139063.517,126325.261,157273.925,152392.756,887344.998,904577.33,1033359.287,1005106.325,54370,54713,55139,55632,16320.49,16533.13,18740.99,18067.05
33,3300902,Cambuci,27282.213,51588.318,46449.084,43362.365,14979.517,16719.439,21237.024,24527.415,51180.729,54868.931,62457.365,66305.974,68565.614,75096.483,82147.165,89383.985,162008.073,198273.171,212290.638,223579.739,6894.764,16260.422,13616.229,28261.957,168902.837,214533.593,225906.868,251841.696,14829,14840,14851,14862,11390.04,14456.44,15211.56,16945.34
33,3300936,Carapebus,5644.122,6807.247,7214.43,8648.385,339936.767,489029.33,545847.954,469137.53,161956.268,211028.812,228614.956,234532.512,85272.167,91900.142,100618.249,123210.132,592809.324,798765.53,882295.589,835528.558,11793.632,14754.685,17171.942,22540.67,604602.956,813520.215,899467.531,858069.228,13348,13697,14024,14408,45295.4,59394.04,64137.73,59555.05
33,3300951,Comendador Levy Gasparian,2232.818,2959.133,3535.128,3753.408,20821.397,25469.169,33928.611,51183.749,125592.916,87865.574,87580.886,83194.393,41237.507,44955.295,46580.475,56700.312,189884.639,161249.17,171625.1,194831.863,19292.3,21966.193,24018.74,26288.214,209176.939,183215.363,195643.84,221120.077,8183,8200,8219,8240,25562.38,22343.34,23803.85,26834.96
33,3301009,Campos dos Goytacazes,127129.928,131300.879,175226.066,147429.511,24832243.51,33794774.78,40274712.99,37865660.16,10651444.15,13593916.24,15312495.67,16009717.12,2253466.42,2539862.735,2629502.634,3073955.34,37864284.01,50059854.63,58391937.37,57096762.13,808213.874,950747.791,1079474.153,1152694.076,38672497.89,51010602.42,59471411.52,58249456.21,463545,468087,472300,477208,83427.71,108976.76,125918.72,122063.03
33,3301108,Cantagalo,14611.244,16349.931,17788.714,20194.014,402349.658,341902.65,462373.961,443444.228,134494.111,146895.891,174948.733,186242.506,97319.953,107877.028,121157.942,133650.422,648774.967,613025.5,776269.35,783531.17,81051.463,69120.667,83767.568,76300.579,729826.43,682146.167,860036.918,859831.749,19826,19830,19830,19825,36811.58,34399.71,43370.5,43371.08
33,3301157,Cardoso Moreira,14865.456,13774.712,18931.146,18076.88,8218.645,17606.784,67127.769,103250.665,25381.13,30695.996,49761.097,66022.28,62999.642,69758.07,74930.395,86928.331,111464.874,131835.562,210750.407,274278.156,6097.095,5971.16,9275.319,14914.103,117561.969,137806.722,220025.726,289192.259,12540,12601,12601,12599,9374.96,10936.17,17460.97,22953.59
33,3301207,Carmo,8990.803,10415.532,11397.439,12188.262,85366.646,95949.13,72968.927,57767.325,70625.461,72657.393,83412.471,88800.989,82294.728,90028.296,96616.576,107941.791,247277.638,269050.351,264395.414,266698.367,20370.821,21192.649,27805.923,37753.81,267648.46,290243,292201.337,304452.177,17439,17599,17758,17944,15347.7,16492.02,16454.63,16966.8
33,3301306,Casimiro de Abreu,7755.608,9111.612,9339.132,9767.951,1230033.341,1952564.256,2731045.701,2572634.056,596532.629,844500.638,1072833.064,1110264.966,198749.257,218081.912,244317.837,302323.154,2033070.835,3024258.418,4057535.734,3994990.127,47893.193,57100.109,68548.104,73385.857,2080964.029,3081358.526,4126083.838,4068375.984,35373,36360,37340,38492,58829.16,84745.83,110500.37,105694.07
33,3301405,Concei‡Æo de Macabu,5506.472,5931.763,7242.039,8612.275,8342.67,9712.58,11600.725,10384.574,59349.033,66985.613,80348.137,92872.64,97278.752,108145.197,117423.112,131703.354,170476.926,190775.153,216614.013,243572.843,9618.669,11591.312,14730.567,18864.692,180095.595,202366.465,231344.581,262437.535,21200,21416,21613,21844,8495.08,9449.31,10703.96,12014.17
33,3301504,Cordeiro,2882.314,3045.821,3381.232,3869.19,34578.362,29376.656,33220.143,38595.586,80160.299,87286.12,96781.968,112119.628,85367.288,95155.442,105685.075,122398.684,202988.263,214864.039,239068.419,276983.089,11132.243,12302.594,14105.275,16464.144,214120.507,227166.632,253173.694,293447.233,20403,20571,20707,20863,10494.56,11043.05,12226.48,14065.44
33,3301603,Duas Barras,22130.767,36241.355,31586.501,34627.566,6045.786,7679.421,8275.351,12011.851,26827.006,34471.182,35729.885,44835.26,53422.874,59723.219,66879.527,76381.22,108426.434,138115.177,142471.264,167855.897,-1010.914,4434.772,6316.191,18684.133,107415.52,142549.949,148787.455,186540.029,10933,10976,11020,11070,9824.89,12987.42,13501.58,16850.95
33,3301702,Duque de Caxias,4016.576,6016.104,6189.016,6707.328,6421946.803,3563965.416,1544188.496,1860391.167,9950345.727,11083123.85,12284372.85,14108411.87,3653254.471,4070727.942,4268692.359,4899767.882,20029563.58,18723833.31,18103442.72,20875278.25,3433354.156,3698976.314,3830025.646,4232652.139,23462917.73,22422809.62,21933468.37,25107930.39,855046,861158,867067,873921,27440.53,26037.97,25296.16,28730.21
33,3301801,Engenheiro Paulo de Frontin,4767.007,5453.704,1430.924,1378.302,34138.027,27723.935,31836.752,24142.244,56741.491,54737.02,58882.681,61581.172,63448.436,70451.338,77946.811,86336.569,159094.962,158365.997,170097.169,173438.287,10502.957,9460.767,9254.254,7665.329,169597.919,167826.764,179351.422,181103.617,13239,13324,13408,13505,12810.48,12595.82,13376.45,13410.12
33,3301850,Guapimirim,6703.71,9370.547,10466.613,13542.198,91784.006,73663.849,82688.614,93765.499,256308.92,233101.575,247754.9,251192.29,228705.925,257221.087,268462.553,314894.573,583502.562,573357.058,609372.679,673394.56,39897.501,40526.142,40749.268,48080.15,623400.062,613883.2,650121.947,721474.71,51487,52522,53527,54706,12107.91,11688.12,12145.68,13188.22
33,3301876,Iguaba Grande,1145.219,1351.077,1454.416,1786.858,17466.839,18384.516,35945.047,25998.478,80352.712,90260.046,111968.592,121712.995,106996.005,121552.99,131994.421,154427.811,205960.774,231548.63,281362.476,303926.142,10801.901,12685.296,15459.076,16579.153,216762.675,244233.926,296821.552,320505.295,22858,23475,24079,24788,9483.01,10404,12326.99,12929.86
33,3301900,Itabora¡,4099.042,5119.713,5544.483,7610.275,484922.882,602271.474,1253102.922,1544335.62,839698.804,1061535.255,1337878.357,1545305.847,898120.428,1007125.599,1117938.252,1275075.978,2226841.157,2676052.04,3714464.013,4372327.721,213275.462,291221.135,474884.475,647030.076,2440116.619,2967273.175,4189348.488,5019357.796,218090,220352,222618,225263,11188.58,13466.06,18818.55,22282.21
33,3302007,Itagua¡,10321.519,11109.578,12325.796,16127.824,669970.855,1282366.607,1569783.806,1668000.213,2857723.879,2818123.069,3311973.405,3968846.062,534206.796,606564.235,677558.824,824366.786,4072223.048,4718163.488,5571641.831,6477340.886,587994.635,516203.104,569652.246,526460.816,4660217.683,5234366.592,6141294.077,7003801.701,109163,111171,113182,115542,42690.45,47083.92,54260.34,60616.93
33,3302056,Italva,8347.373,10399.075,11594.96,12676.978,44326.554,75521.293,83909.134,71732.138,47949.696,59514.769,69486.639,72940.987,66583.505,74073.158,79988.139,91962.558,167207.129,219508.295,244978.872,249312.661,-2574.942,-645.487,724.125,9133.567,164632.186,218862.808,245702.998,258446.229,14027,14174,14281,14405,11736.81,15441.15,17204.89,17941.43
33,3302106,Itaocara,31073.539,46823.44,49121.656,40245.325,20474.392,23847.693,30906.427,35945.144,91135.017,105861.838,124207.57,154120.466,101898.493,113766.042,120132.45,136428.892,244581.442,290299.013,324368.104,366739.828,14944.083,19170.658,16919.513,31654.561,259525.525,309469.671,341287.617,398394.389,22902,22892,22884,22870,11332,13518.68,14913.81,17419.96
33,3302205,Itaperuna,33431.175,41280.258,48593.434,48466.759,237119.608,201938.939,293432.351,258178.178,672418.122,749940.434,843985.073,899725.832,396244.363,444555.871,475941.285,532644.059,1339213.267,1437715.502,1661952.143,1739014.829,109245.951,126867.426,145686.379,164798.239,1448459.218,1564582.928,1807638.521,1903813.068,95876,96542,97219,98004,15107.63,16206.24,18593.47,19425.87
33,3302254,Itatiaia,2113.483,2787.67,3003.841,5410.45,301877.88,264754.522,318061.154,240848.449,673408.54,1047709.154,1186165.68,1431570.468,144351.436,158980.023,177187.504,203040.836,1121751.34,1474231.368,1684418.179,1880870.203,328647.722,459122.4,625649.996,707114.884,1450399.062,1933353.768,2310068.175,2587985.087,28852,29094,29394,29744,50270.31,66451.98,78589.79,87008.64
33,3302270,Japeri,3714.485,4042.653,3741.051,3478.31,53712.416,55910.655,78906.383,89027.997,210089.906,220498.109,246410.392,322846.317,386239.839,427569.903,456290.27,520014.729,653756.648,708021.32,785348.095,935367.353,41612.274,42799.3,53492.595,64508.988,695368.922,750820.619,838840.69,999876.34,95391,96430,97337,98393,7289.67,7786.17,8617.9,10162.07
33,3302304,Laje do Muria‚,6434.298,9041.418,9768.921,10250.961,9975.823,18332.268,20445.895,23725.399,19772.017,22008.403,24845.167,27416.975,37732.571,42021.41,45882.485,51879.678,73914.709,91403.499,100942.468,113273.014,4541.213,6110.017,5609.733,9628.301,78455.921,97513.516,106552.202,122901.315,7491,7455,7424,7385,10473.36,13080.28,14352.4,16642.02
33,3302403,Maca‚,25561.935,31783.136,35110.04,40941.988,5594714.002,5884235.268,6839808.726,7199798.495,4714891.453,4940472.111,5737973.256,6637208.948,1304608.797,1407159.075,1818237.595,2230047.12,11639776.19,12263649.59,14431129.62,16107996.55,1971014.117,2163613.773,2879808.664,3073484.399,13610790.31,14427263.36,17310938.28,19181480.95,206748,212433,217951,224442,65832.75,67914.42,79425.83,85462.97
33,3302452,Macuco,2847.713,2338.769,2722.176,3032.203,16452.232,18595.573,19088.753,20112.361,38922.226,39235.742,38022.37,39817.5,28581.936,32669.4,37435.213,42945.57,86804.109,92839.484,97268.512,105907.635,7948.199,7772.822,6921.292,8103.825,94752.308,100612.306,104189.804,114011.459,5269,5299,5327,5360,17982.98,18987.04,19558.81,21270.79
33,3302502,Mag‚,14227.819,21137.35,24213.939,30992.393,224835.139,382679.133,420997.045,383083.024,1072900.412,1006719.044,1123570.632,1193847.172,943889.341,1035866.34,1096689.367,1252952.355,2255852.711,2446401.866,2665470.985,2860874.944,125291.634,139063.778,169711.847,185019.465,2381144.344,2585465.644,2835182.832,3045894.409,228150,228972,230568,232419,10436.75,11291.62,12296.51,13105.19
33,3302601,Mangaratiba,7276.488,8925.228,10158.683,13860.902,96098.516,99246.318,126015.908,137386.48,1346905.545,1459863.341,1963379.924,2087096.4,218284.083,242529.562,274416.409,324130.899,1668564.632,1810564.449,2373970.924,2562474.681,108604.97,122253.739,149973.763,162696.587,1777169.602,1932818.188,2523944.687,2725171.268,36311,37343,38201,39210,48943.01,51758.51,66070.12,69501.95
33,3302700,Maric ,4252.882,5925.412,6283.748,8350.143,621295.836,1568769.928,4278440.792,4195363.473,639545.229,1006134.034,1882647.795,2046383.65,544442.918,616339.437,658686.6,803776.477,1809536.865,3197168.812,6826058.935,7053873.743,69816.933,92242.3,139685.774,137685.569,1879353.798,3289411.111,6965744.709,7191559.313,127519,131355,135121,139552,14737.83,25042.15,51551.9,51533.19
33,3302809,Mendes,442.089,509.987,461.155,443.471,15900.474,13871.397,19186.536,23783.741,63043.44,66725.933,77334.358,84057.982,82382.081,89226.332,97469.159,108289.472,161768.084,170333.648,194451.208,216574.666,10873.831,11503.244,13281.279,13596.039,172641.915,181836.892,207732.487,230170.706,17940,17981,18024,18072,9623.3,10112.72,11525.33,12736.32
33,3302858,Mesquita,1596.077,2508.987,2354.608,1936.592,138812.679,109811.547,118135.053,133260.945,545077.233,552185.47,633880.991,735623.241,671026.567,699987.403,734933.544,906530.032,1356512.556,1364493.408,1489304.195,1777350.81,104310.374,106699.209,108280.204,110082.992,1460822.93,1471192.616,1597584.399,1887433.802,168403,168966,169537,170185,8674.57,8707.03,9423.22,11090.48
33,3302908,Miguel Pereira,5458.425,6347.769,7755.116,7947.717,33728.197,34583.468,37172.782,46913.188,185816.175,254609.98,294853.523,347134.418,112151.801,123360.83,138183.122,157567.933,337154.598,418902.047,477964.544,559563.256,24842.34,19458.836,21539.614,25794.183,361996.938,438360.883,499504.158,585357.439,24647,24699,24754,24815,14687.26,17748.12,20178.72,23588.86
33,3303005,Miracema,9767.004,12170.15,12988.558,12801.135,22196.778,26988.369,32051.642,31807.136,94482.647,102898.531,119129.098,134052.61,116993.845,129231.409,138287.044,156381.428,243440.274,271288.459,302456.341,335042.31,7346.85,10763.247,12714.241,19818.133,250787.123,282051.706,315170.582,354860.442,26829,26827,26810,26786,9347.61,10513.73,11755.71,13247.98
33,3303104,Natividade,11361.024,12959.748,15900.932,15021.327,13408.206,10923.091,13923.515,18534.515,53975.829,58759.818,69047.873,75185.789,69117.423,75319.801,80976.634,96458.394,147862.482,157962.458,179848.954,205200.026,5832.186,8011.149,11385.309,17690.301,153694.668,165973.607,191234.263,222890.327,15077,15079,15076,15069,10193.98,11006.94,12684.68,14791.32
33,3303203,Nil¢polis,0,0,0,0,153338.614,142045.471,166827.827,190207.549,832582.03,865509.826,981624.089,1335790.836,617727.822,681311.762,708941.577,796638.739,1603648.465,1688867.06,1857393.493,2322637.123,119835.374,123746.153,140596.347,203695.05,1723483.839,1812613.212,1997989.84,2526332.174,157483,157710,157986,158288,10943.94,11493.33,12646.63,15960.35
33,3303302,Niter¢i,5324.473,8380.833,9837.869,13306.454,2080287.811,2894263.104,4253319.212,5048446.451,6713872.528,8133899.688,8663692.642,9690062.755,2179261.423,2448757.217,2588930.926,2944830.637,10978746.24,13485300.84,15515780.65,17696646.3,1558335.127,1800001.918,2124315.812,2211862.058,12537081.36,15285302.76,17640096.46,19908508.36,487327,489720,491807,494200,25726.22,31212.33,35867.92,40284.31
33,3303401,Nova Friburgo,42852.522,71959.97,75372.31,65483.333,498555.495,466551.5,566267.868,586228.7,1336716.943,1358805.748,1568872.773,1725810.599,780709.8,844257.113,896320.988,1005953.094,2658834.76,2741574.331,3106833.94,3383475.726,265420.885,273830.323,308487.209,333188.329,2924255.645,3015404.654,3415321.148,3716664.055,182016,182748,183391,184122,16065.93,16500.34,18623.17,20185.88
33,3303500,Nova Igua‡u,5889.329,5584.157,5853.61,6496.934,1240822.075,1489834.286,1499912.06,1831748.521,4892304.515,5274314.822,5665967.826,6115491.54,3093290.648,3401337.542,3563095.442,4125851.895,9232306.568,10171070.81,10734828.94,12079588.89,993096.846,1032228.101,1168094.465,1181864.215,10225403.41,11203298.91,11902923.4,13261453.1,795212,799047,801746,804815,12858.71,14020.83,14846.25,16477.64
33,3303609,Paracambi,2207.152,2571.88,2723.677,3369.802,31217.131,35547.464,43757.315,56086.83,192489.613,200974.445,223665.612,241698.83,196856.089,223066.738,238438.946,249711.554,422769.986,462160.527,508585.551,550867.016,30645.681,33552.59,38858.288,49224.384,453415.666,495713.117,547443.839,600091.4,47074,47635,48129,48705,9631.98,10406.49,11374.51,12320.94
33,3303708,Para¡ba do Sul,23043.397,26224.68,28941.87,35801.363,70384.287,77612.097,88166.403,102497.503,239576.525,242233.089,297300.437,293328.003,177268.684,194703.084,208588.107,238297.645,510272.893,540772.95,622996.818,669924.515,68511.018,68664.341,71340.214,87944.786,578783.911,609437.291,694337.032,757869.301,41088,41367,41639,41955,14086.45,14732.45,16675.16,18063.86
33,3303807,Paraty,9549.598,14319.116,16276.204,21350.299,284460.441,771640.202,1599325.689,1843558.346,303452.254,500013.608,783284.574,941988.224,187851.345,212284.271,241606.648,275736.648,785313.638,1498257.198,2640493.116,3082633.517,29402.863,44627.901,58725.414,70519.142,814716.5,1542885.099,2699218.53,3153152.659,37575,38147,38740,39434,21682.41,40445.78,69675.23,79960.25
33,3303856,Paty do Alferes,20970.907,27486.779,25500.72,31109.164,31863.871,28808.53,32887.569,39500.81,91842.849,105255.358,115215.505,122638.844,118523.349,131807.977,140746.594,161422.77,263200.976,293358.644,314350.388,354671.588,24756.264,27923.122,29114.949,39431.953,287957.24,321281.766,343465.337,394103.541,26381,26469,26575,26696,10915.33,12138.04,12924.38,14762.64
33,3303906,Petr¢polis,28704.961,41952.379,56460.929,59140.965,2032847.099,3041758.297,3178809.627,2478461.691,3068405.601,3690522.519,4005584.227,4105225.121,1263067.331,1382693.599,1511531.693,1694029.648,6393024.992,8156926.793,8752386.476,8336857.424,842917.674,1130607.705,1225943.263,1122178.821,7235942.666,9287534.499,9978329.739,9459036.245,296044,296565,297192,297888,24442.12,31317.03,33575.36,31753.67
33,3303955,Pinheiral,2127.312,2829.407,3087.542,3434.733,19178.885,24798.811,25252.15,31394.131,70394.93,72459.909,82077.019,92408.825,103104.819,115623.138,124455.909,137271.835,194805.946,215711.266,234872.62,264509.524,12856.809,11549.223,13220.519,15128.12,207662.755,227260.489,248093.139,279637.644,22724,22968,23208,23488,9138.48,9894.66,10689.98,11905.55
33,3304003,Pira¡,8435.419,10063.108,11174.188,11175.279,536359.872,581076.087,689534.477,564340.595,210495.855,227742.97,305399.624,334948.452,151199.809,166013.673,178032.362,206404.272,906490.955,984895.837,1184140.652,1116868.599,147925.375,161932.022,178611.295,228930.544,1054416.33,1146827.859,1362751.947,1345799.142,26309,26637,26948,27311,40078.16,43053.94,50569.69,49276.82
33,3304102,Porci£ncula,11704.973,20343.389,22520.896,19960.56,14920.897,15798.581,20067.906,26346.738,68222.143,79761.505,85058.356,89342.217,84004.604,94569.5,100230.044,115440.494,178852.617,210472.976,227877.202,251090.009,3534.462,6544.958,5868.046,13745.165,182387.079,217017.934,233745.247,264835.174,17771,17899,18034,18188,10263.19,12124.58,12961.36,14560.98
33,3304110,Porto Real,545.007,617.652,523.476,3680.914,1758499.981,1449959.595,1401414.046,1832203.519,1351335.866,1001535.631,890431.98,1057306.725,99787.445,124287.48,151175.497,180942.297,3210168.3,2576400.357,2443544.999,3074133.455,1965184.613,1971063.125,1607770.29,1441559.077,5175352.913,4547463.482,4051315.289,4515692.532,16574,16938,17272,17663,312257.33,268477,234559.71,255658.3
33,3304128,Quatis,6906.45,7805.962,10284.388,11917.988,116130.086,103665.035,65877.857,56008.19,72580.703,87974.964,90096.138,94682.275,60828.672,68203.369,74149.379,82227.083,256445.912,267649.329,240407.762,244835.536,14756.182,13424.79,11948.601,16509.267,271202.094,281074.119,252356.363,261344.803,12831,12952,13105,13283,21136.47,21701.21,19256.49,19675.13
33,3304144,Queimados,2778.196,2501.027,2376.351,2496.021,629318.442,745588.424,1249769.672,1513835.639,516568.034,585938.616,755516.201,958930.199,562629.7,617302.35,652110.795,746674.047,1711294.372,1951330.416,2659773.019,3221935.906,330299.626,376066.867,411952.823,458121.905,2041593.998,2327397.283,3071725.841,3680057.81,137938,139188,140374,141753,14800.81,16721.25,21882.44,25961.06
33,3304151,QuissamÆ,26238.994,34925.317,42133.11,50580.244,2570911.632,3105206.443,3812672.611,3231243.02,982360.884,1151783.228,1331363.818,1260696.027,159129.116,176950.465,211772.887,236315.144,3738640.626,4468865.453,5397942.427,4778834.434,53918.852,65294.614,72324.14,84824.996,3792559.478,4534160.067,5470266.567,4863659.431,20244,20747,21234,21806,187342.4,218545.34,257618.28,223042.26
33,3304201,Resende,16327.055,21307.278,23500.643,33205.433,2366919.025,2642014.87,2466508.693,3297974.968,1959131.328,1915106.799,2266923.995,2726181.411,544503.04,609557.847,643909.841,759672.259,4886880.448,5187986.794,5400843.172,6817034.07,881185.519,829313.04,1496115.194,2166846.155,5768065.967,6017299.834,6896958.366,8983880.225,119801,120938,122068,123385,48147.06,49755.25,56500.95,72811.77
33,3304300,Rio Bonito,7293.943,8020.18,6384.011,9247.928,270932.63,257037.798,268091.849,231221.014,549077.403,570725.544,613338.72,632665.952,254049.639,285555.655,312056.865,361621.758,1081353.615,1121339.177,1199871.446,1234756.652,91047.434,95934.151,113241,121702.64,1172401.049,1217273.328,1313112.446,1356459.292,55586,56001,56436,56942,21091.66,21736.64,23267.28,23821.77
33,3304409,Rio Claro,42389.83,44120.2,48190.899,60163.81,17323.527,9968.425,11802.379,15314.012,43065.174,46357.141,50402.265,59181.436,86841.442,96132.806,102731.979,120549.03,189619.972,196578.572,213127.522,255208.287,19106.802,17870.393,14412.671,36826.238,208726.775,214448.965,227540.193,292034.525,17401,17517,17606,17709,11995.1,12242.33,12924.01,16490.74
33,3304508,Rio das Flores,7425.865,8153.87,10254.444,10826.064,61349.483,39836.862,52888.824,37519.018,161696.852,260745.366,50244.989,45998.95,45406.329,51139.16,54826.435,62183.986,275878.53,359875.258,168214.692,156528.018,16212.451,15496.814,10396.987,13545.792,292090.982,375372.072,178611.678,170073.81,8545,8633,8703,8783,34182.68,43481.07,20523,19363.98
33,3304524,Rio das Ostras,5201.664,6811.725,7913.279,9458.617,5708870.943,8224092.689,9990932.59,9482138.123,2485823.152,3375802.005,3810787.179,4101826.746,535059.315,617677.115,745041.992,896112.915,8734955.075,12224383.53,14554675.04,14489536.4,233246.533,301643.629,362289.391,393906.836,8968201.608,12526027.16,14916964.43,14883443.24,105757,110992,116134,122196,84800.08,112855.23,128446.14,121799.76
33,3304557,Rio de Janeiro,30139.506,45669.626,55552.402,65295.003,27472262.76,29506694.66,33334375.97,37702220.87,105838022.8,116910574.8,128284417.1,144837385.3,27076703.89,30882543.08,32865725.52,37274179.68,160417129,177345482.2,194540071,219879080.8,47471125.8,51311594.65,57271095.96,62659746.09,207888254.8,228657076.8,251811167,282538826.9,6323037,6355949,6390290,6429923,32877.91,35975.29,39405.28,43941.25
33,3304607,Santa Maria Madalena,11649.121,13384.485,15383.976,15347.94,29251.014,5091.738,7615.532,7649.925,32083.659,32076.199,36802.2,37105.549,56843.099,62263.01,68889.83,76590.501,129826.893,112815.433,128691.538,136693.915,6859.925,6816.917,6867.394,12021.621,136686.817,119632.35,135558.932,148715.536,10321,10310,10298,10282,13243.56,11603.53,13163.62,14463.68
33,3304706,Santo Ant“nio de P dua,17654.608,29369.87,28032.446,27858.18,96740.906,88216.127,140641.297,169540.156,245296.519,273206.597,303720.615,361375.676,176898.047,194048.937,206172.798,235767.262,536590.081,584841.531,678567.156,794541.274,48826.27,57105.25,68626.166,71589.679,585416.35,641946.781,747193.322,866130.954,40569,40735,40876,41035,14430.14,15759.1,18279.51,21107.13
33,3304755,SÆo Francisco de Itabapoana,74852.542,132454.33,199567.666,215749.893,57697.17,72615.659,110418.377,98432.954,118866.804,143526.646,409034.068,604000.992,193130.482,214107.769,222291.489,248042.814,444546.998,562704.404,941311.6,1166226.654,36261.312,45036.276,93795.279,215160.078,480808.311,607740.68,1035106.879,1381386.732,41357,41371,41386,41397,11625.8,14690.02,25011.04,33369.25
33,3304805,SÆo Fid‚lis,38529.534,41118.483,45693.234,53862.09,48990.336,89032.431,126193.878,105655.345,123502.852,147393.748,211423.669,185995.282,163433.303,179124.242,190149.927,213841.433,374456.025,456668.904,573460.709,559354.15,21977.43,25771.009,41135.804,45558.525,396433.455,482439.913,614596.513,604912.675,37553,37601,37657,37717,10556.64,12830.51,16320.91,16038.2
33,3304904,SÆo Gon‡alo,16685.998,25771.264,30153.648,40647.425,1561554.244,1554033.152,1840945.632,2136992.436,4207617.567,4869505.873,5185865.722,5824651.717,3760094.454,4136870.211,4420310.595,5029580.878,9545952.263,10586180.5,11477275.6,13031872.46,913717.541,996471.456,1054976.377,1032516.902,10459669.8,11582651.96,12532251.97,14064389.36,999901,1008065,1016128,1025507,10460.71,11489.99,12333.34,13714.57
33,3305000,SÆo JoÆo da Barra,17888.261,27371.615,27248.315,30684.901,4276898.002,6485932.894,4900397.314,4805008.983,1510581.817,2208492.286,1609299.753,1764613.514,209684.982,245969.881,311053.714,384548.447,6015053.062,8967766.676,6847999.096,6984855.845,87887.261,119459.617,161825.182,245573.696,6102940.323,9087226.293,7009824.278,7230429.541,32767,33136,33512,33951,186252.64,274240.29,209173.56,212966.61
33,3305109,SÆo JoÆo de Meriti,303.928,478.719,558.661,764.046,346649.192,404757.368,376310.92,429065.901,2401888.694,3860425.059,2938012.952,3168492.394,1780979.492,1948799.659,2011615.081,2274722.952,4529821.305,6214460.805,5326497.613,5873045.294,522434.229,727224.831,699371.107,653260.75,5052255.535,6941685.637,6025868.72,6526306.043,459356,459379,460062,460799,10998.56,15111.02,13097.95,14163.02
33,3305133,SÆo Jos‚ de Ub ,20481.154,51169.285,48775.641,30000.692,6325.386,7248.803,9154.134,9586.874,16439.308,22967.135,27918.417,28383.324,33487.729,38047.374,41328.962,47657.976,76733.578,119432.596,127177.154,115628.866,-5497.433,5973.139,3673.402,11094.332,71236.145,125405.736,130850.556,126723.197,7003,7049,7093,7143,10172.23,17790.57,18447.84,17740.89
33,3305158,SÆo Jos‚ do Vale do Rio Preto,48630.933,58314.773,63581.225,73046.109,14874.964,13746.883,16393.763,20449.855,324519.06,189884.78,73761.558,79100.696,93531.972,104078.997,111564.681,124163.073,481556.93,366025.433,265301.226,296759.733,117065.311,65121.955,19058.919,44838,598622.241,431147.389,284360.146,341597.733,20252,20398,20540,20704,29558.67,21136.75,13844.21,16499.12
33,3305208,SÆo Pedro da Aldeia,10360.382,14221.536,16174.647,20667.005,101171.501,146022.894,208925.185,235176.479,377040.472,425968.074,495551.133,579594.201,370479.128,410824.887,440641.682,514591.858,859051.482,997037.391,1161292.648,1350029.542,76190.024,84781.879,93855.919,110002.83,935241.507,1081819.27,1255148.567,1460032.373,88013,89739,91542,93659,10626.17,12055.17,13711.18,15588.81
33,3305307,SÆo SebastiÆo do Alto,20733.776,20269.844,21704.879,21857.381,30579.268,4985.333,6823.788,8195.473,27536.641,24580.029,28760.172,32137.148,46496.244,50966.36,57207.973,63170.796,125345.929,100801.567,114496.811,125360.798,10643.633,7704.862,6439.595,14401.881,135989.562,108506.428,120936.406,139762.678,8906,8933,8970,9012,15269.43,12146.7,13482.32,15508.51
33,3305406,Sapucaia,21853.57,26201.127,26490.783,24551.849,65278.939,49240.187,78837.303,85377.305,203280.672,223404.846,244651.892,291783.761,83322.869,89004.804,97835.998,110891.852,373736.051,387850.964,447815.976,512604.768,69252.309,72545.262,82352.86,96487.502,442988.36,460396.226,530168.836,609092.269,17504,17554,17581,17610,25307.84,26227.43,30155.78,34587.86
33,3305505,Saquarema,10239.384,14569.054,15661.513,18798.097,200485.63,249056.112,357036.137,251479.332,842369.492,750106.959,806661.564,901145.221,320499.959,358907.608,395635.883,450077.212,1373594.465,1372639.733,1574995.097,1621499.862,94311.399,101133.608,120600.119,123818.64,1467905.863,1473773.342,1695595.216,1745318.502,74221,75906,77522,79421,19777.5,19415.77,21872.44,21975.53
33,3305554,Serop‚dica,7834.718,10786.21,11474.803,12213.168,240220.968,329775.105,367676.495,668457.812,261216.524,307315.099,346726.848,517966.066,325524.058,363249.266,393094.397,459301.902,834796.268,1011125.68,1118972.543,1657938.948,80189.34,91564.001,107692.385,179184.572,914985.608,1102689.681,1226664.929,1837123.52,78183,79179,80138,81260,11703.13,13926.54,15306.91,22607.97
33,3305604,Silva Jardim,11208.153,14855.443,17729.095,21605.721,19395.769,18266.847,23386.489,35246.192,68848.67,74994.297,83447.949,99419.538,112328.162,122957.721,136183.101,156434.663,211780.754,231074.308,260746.634,312706.114,14959.084,15730.198,16089.655,25494.005,226739.838,246804.506,276836.29,338200.119,21360,21356,21362,21366,10615.16,11556.68,12959.29,15828.89
33,3305703,Sumidouro,61656.615,110024.797,110449.515,94385.276,12213.05,14018.758,14269.33,15209.693,35697.136,45985.426,48828.062,47233.486,72806.408,80629.973,87782.511,98960.611,182373.209,250658.954,261329.418,255789.067,26297.304,35227.586,27649.804,57921.69,208670.513,285886.541,288979.222,313710.757,14920,14956,15010,15070,13985.96,19115.17,19252.45,20816.9
33,3305752,Tangu ,3402.763,4074.957,4399.404,5399.337,60608.826,89201.363,89171.431,80132.138,120904.163,152105.235,169850.974,159425.522,134334.353,151059.791,164365.193,185037.252,319250.106,396441.346,427787.002,429994.249,22148.448,28084.505,27027.325,26248.46,341398.554,424525.852,454814.327,456242.709,30731,31091,31438,31844,11109.26,13654.3,14467.02,14327.43
33,3305802,Teres¢polis,125317.83,231987.867,231242.928,193767.445,440255.056,588642.708,703145.707,685669.633,1331337.311,1351053.028,1755391.034,1746205.124,698914.801,767731.623,821825.29,929097.976,2595824.998,2939415.225,3511604.959,3554740.179,318622.305,357799.037,390347.318,427585.149,2914447.303,3297214.262,3901952.277,3982325.327,163805,165716,167622,169849,17792.18,19896.78,23278.28,23446.27
33,3305901,Trajano de Moraes,11079.516,13861.047,18377.019,17964.912,4614.293,5137.911,8038.937,10848.15,21252.505,30858.527,36656.315,39811.948,48002.373,58719.409,62757.802,71388.406,84948.687,108576.893,125830.072,140013.416,4949.266,6653.299,7462.735,13435.146,89897.953,115230.193,133292.808,153448.561,10281,10309,10327,10347,8744.09,11177.63,12907.21,14830.25
33,3306008,Trˆs Rios,8162.696,9316.809,11518.322,15400.527,477092.484,496578.542,748726.648,894969.256,730159.506,745480.554,859969.14,1052024.506,321372.606,354511.159,384725.577,455536.562,1536787.292,1605887.063,2004939.687,2417930.851,312221.957,340406.834,405893.677,468205.794,1849009.249,1946293.897,2410833.364,2886136.645,77503,77851,78256,78723,23857.26,25000.24,30807.01,36661.92
33,3306107,Valen‡a,20895.908,25568.677,32628.956,39941.842,243904.611,232964.7,289844.257,347731.555,373404.481,387895.493,435038.366,488046.163,294886.222,336098.042,356715.955,397216.224,933091.223,982526.912,1114227.534,1272935.784,94874.56,96327.708,104367.607,130400.782,1027965.783,1078854.62,1218595.141,1403336.566,71894,72268,72679,73154,14298.35,14928.52,16766.81,19183.32
33,3306156,Varre-Sai,14673.396,21211.726,22476.307,17404.225,5156.28,5943.83,7021.475,8523.365,27737.026,36031.027,44410.094,35743.979,48392.399,52417.445,57162.923,66238.594,95959.1,115604.026,131070.798,127910.162,-12936.859,-9866.83,-7656.622,-885.463,83022.242,105737.196,123414.176,127024.699,9503,9600,9720,9861,8736.42,11014.29,12696.93,12881.52
33,3306206,Vassouras,25056.017,27401.575,31007.382,23534.991,41525.599,55221.035,121771.051,113821.533,236338.382,247877.57,293455.864,314441.947,153485.149,170890.247,206065.531,206488.443,456405.148,501390.427,652299.829,658286.914,38655.45,42323.553,46152.799,64307.92,495060.598,543713.98,698452.627,722594.834,34439,34638,34858,35112,14375,15697.04,20037.08,20579.71
33,3306305,Volta Redonda,3494.198,4153.085,4789.294,5194.025,3841275.108,3469983.775,3865500.38,3540361.797,3138576.568,3333292.918,3486465.589,3833834.045,1119857.472,1253322.36,1333763,1507360.164,8103203.346,8060752.137,8690518.263,8886750.031,1576284.752,1616553.098,1613659.967,1506158.589,9679488.099,9677305.235,10304178.23,10392908.62,257996,259012,260180,261522,37517.98,37362.38,39604.04,39740.09
